leaderboard,rank,outcome,occupation_code,n_obs,raw_variance_ratio,residual_variance_ratio,female_p90_p10,male_p90_p10,female_top10_share,male_top10_share,female_top5_share,male_top5_share,raw_variance_gap_from_parity,residual_variance_gap_from_parity,top10_share_gap_pp,top5_share_gap_pp
female_more_variable_raw,1,log_annual_earnings_real,500,2603,7.980971828918172,15.970918276522442,2.6275548934936523,0.0,0.700864043987694,0.0570717359851333,0.34161811874059045,0.031172711483040252,6.980971828918172,14.970918276522442,0.6437923080025607,0.3104454072575502
female_more_variable_raw,2,log_annual_earnings_real,7260,5011,4.756679754718989,4.4052415736279675,6.214608192443848,1.8020315170288086,0.1273669523619693,0.09965705865974443,0.07409806657364959,0.0495232890547582,3.7566797547189887,3.4052415736279675,0.02770989370222486,0.024574777518891387
female_more_variable_raw,3,log_annual_earnings_real,6700,2085,4.068070325934855,4.066872456711378,3.7889881134033203,1.4531641006469727,0.035959463877084014,0.1016394883741374,0.0,0.05089007076612017,3.0680703259348547,3.066872456711378,-0.06568002449705339,-0.05089007076612017
female_more_variable_raw,4,log_annual_earnings_real,4750,7017,3.8151019650427815,5.153122128679118,1.911630630493164,0.7670021057128906,0.04320004445020651,0.7767637459728278,0.04320004445020651,0.7767637459728278,2.8151019650427815,4.153122128679118,-0.7335637015226213,-0.7335637015226213
female_more_variable_raw,5,log_annual_earnings_real,6540,645,3.7510388377400035,3.0678557149824197,4.064051151275635,1.7917585372924805,0.04184630991630738,0.10666394738183857,0.04184630991630738,0.05622546270330903,2.7510388377400035,2.0678557149824197,-0.06481763746553118,-0.01437915278700165
female_more_variable_raw,6,log_annual_earnings_real,8220,13392,3.6991348842664924,4.035724285201926,1.5260562896728516,0.5709514617919922,0.1349,0.09738041113972513,0.06736875,0.04900843579790959,2.6991348842664924,3.035724285201926,0.03751958886027486,0.018360314202090416
female_more_variable_raw,7,log_annual_earnings_real,7830,719,2.5480784571462527,2.358347959053748,2.3494205474853516,1.5686159133911133,0.0926623536155925,0.10804526146184268,0.03644255179755958,0.05659513695620331,1.5480784571462527,1.3583479590537482,-0.015382907846250182,-0.02015258515864373
female_more_variable_raw,8,log_annual_earnings_real,7410,9850,2.485116935783786,2.303153495215359,2.147085189819336,1.5755176544189453,0.05263439995712065,0.10128829045836277,0.007718282682103232,0.051350959634518266,1.4851169357837861,1.303153495215359,-0.048653890501242116,-0.04363267695241503
female_more_variable_raw,9,log_annual_earnings_real,8730,842,2.4526967889631206,3.0956298553702886,2.720478057861328,1.7160472869873047,0.01489599055056106,0.11861547252986476,0.01489599055056106,0.061593512748646224,1.4526967889631206,2.0956298553702886,-0.1037194819793037,-0.046697522198085165
female_more_variable_raw,10,log_annual_earnings_real,7925,1182,2.2548372657049462,1.9604388193841842,1.8454971313476562,1.2447948455810547,0.06500519210799585,0.10865918808598106,0.02699896157840083,0.05444109405753401,1.2548372657049462,0.9604388193841842,-0.04365399597798521,-0.02744213247913318
female_more_variable_raw,11,log_annual_earnings_real,1410,17222,2.2033993029900993,2.0143711338396444,1.2373857498168945,0.6483116149902344,0.15566849177717268,0.09694642026284189,0.07385308024260535,0.04865361094162258,1.2033993029900993,1.0143711338396444,0.05872207151433079,0.025199469300982776
female_more_variable_raw,12,log_annual_earnings_real,6220,8018,2.1773318236019494,1.9915755421537114,2.683004379272461,1.7599191665649414,0.08869987849331713,0.10016549556396483,0.07715674362089915,0.0516498955234839,1.1773318236019494,0.9915755421537114,-0.011465617070647693,0.025506848097415248
female_more_variable_raw,13,log_annual_earnings_real,4240,5300,2.1349979434693416,2.0310916501757403,1.7972116470336914,1.368417739868164,0.07874229793403408,0.10144169411411892,0.04394708227618702,0.05097302851183975,1.1349979434693416,1.0310916501757403,-0.022699396180084846,-0.007025946235652725
female_more_variable_raw,14,log_annual_earnings_real,9570,784,2.0649550589162735,1.9472020821232494,2.224820137023926,1.5653486251831055,0.03379174852652259,0.10706454751865066,0.015520628683693517,0.0627311060655206,1.0649550589162735,0.9472020821232494,-0.07327279899212807,-0.047210477381827085
female_more_variable_raw,15,log_annual_earnings_real,4525,591,2.0408907249812374,2.375830199048631,2.5206146240234375,2.0310659408569336,0.09856526660344458,0.12038014783526928,0.05862828474410352,0.07872814736595096,1.0408907249812374,1.375830199048631,-0.021814881231824693,-0.020099862621847445
female_more_variable_raw,16,log_annual_earnings_real,6010,979,2.004992507862605,2.164361213652891,2.0412206649780273,1.4082632064819336,0.0919290057665986,0.10712441920495612,0.041914420984136246,0.06337119256582344,1.004992507862605,1.164361213652891,-0.015195413438357522,-0.02145677158168719
female_more_variable_raw,17,log_annual_earnings_real,6730,7140,1.993432344167414,1.9821398526501843,2.487441062927246,1.2383737564086914,0.06026600166251039,0.10178649929175011,0.04222776392352452,0.050365115029551114,0.993432344167414,0.9821398526501843,-0.04152049762923972,-0.008137351106026591
female_more_variable_raw,18,log_annual_earnings_real,9130,199898,1.9686692933594256,2.0095935997723102,2.70444393157959,1.7243404388427734,0.03680765373985097,0.10526765404471007,0.018810279038961576,0.05261678239658213,0.9686692933594256,1.0095935997723102,-0.0684600003048591,-0.03380650335762055
female_more_variable_raw,19,log_annual_earnings_real,6940,2666,1.9553003764646473,1.9487341522773725,2.8903331756591797,1.8563365936279297,0.09419134396355353,0.10026616704584318,0.038838268792710705,0.05088400172488142,0.9553003764646473,0.9487341522773725,-0.006074823082289654,-0.012045732932170712
female_more_variable_raw,20,log_annual_earnings_real,7330,25724,1.9189591083157052,1.915554376773151,1.8954811096191406,1.2835073471069336,0.05389237888306045,0.1027564508337847,0.025082502250061367,0.05109315747114273,0.9189591083157052,0.9155543767731511,-0.048864071950724244,-0.026010655221081362
female_more_variable_raw,21,log_annual_earnings_real,4250,28416,1.9113796518684005,1.869184363371373,2.7080111503601074,1.6475896835327148,0.09679113648075474,0.10067511769363519,0.050496491853965986,0.05006911174349517,0.9113796518684005,0.869184363371373,-0.003883981212880444,0.00042738011047081803
female_more_variable_raw,22,log_annual_earnings_real,6250,3882,1.9061927660098603,1.9753216656228683,2.5990982055664062,1.7627582550048828,0.12621963877932324,0.1002510056578474,0.01909902428897654,0.05081024953396344,0.9061927660098603,0.9753216656228683,0.025968633121475834,-0.0317112252449869
female_more_variable_raw,23,log_annual_earnings_real,1400,4398,1.8949830712462672,1.8819105914968666,1.658111572265625,1.388829231262207,0.06746367131055918,0.1062396101045279,0.0341476048965348,0.053603228081945134,0.8949830712462672,0.8819105914968666,-0.03877593879396872,-0.01945562318541033
female_more_variable_raw,24,log_annual_earnings_real,9350,3207,1.8752584113821482,1.8344370432873343,3.1271071434020996,2.154937744140625,0.04562512344459806,0.11061780992386738,0.01607438581564594,0.05643649366104955,0.8752584113821482,0.8344370432873343,-0.06499268647926931,-0.040362107845403616
female_more_variable_raw,25,log_annual_earnings_real,6740,708,1.8559024674157718,1.6239048687173694,2.4263076782226562,1.287252426147461,0.0,0.10901824171966353,0.0,0.05340192543984013,0.8559024674157718,0.6239048687173694,-0.10901824171966353,-0.05340192543984013
largest_residual_variance_gap,1,log_annual_earnings_real,500,2603,7.980971828918172,15.970918276522442,2.6275548934936523,0.0,0.700864043987694,0.0570717359851333,0.34161811874059045,0.031172711483040252,6.980971828918172,14.970918276522442,0.6437923080025607,0.3104454072575502
largest_residual_variance_gap,2,log_annual_earnings_real,4750,7017,3.8151019650427815,5.153122128679118,1.911630630493164,0.7670021057128906,0.04320004445020651,0.7767637459728278,0.04320004445020651,0.7767637459728278,2.8151019650427815,4.153122128679118,-0.7335637015226213,-0.7335637015226213
largest_residual_variance_gap,3,log_annual_earnings_real,7260,5011,4.756679754718989,4.4052415736279675,6.214608192443848,1.8020315170288086,0.1273669523619693,0.09965705865974443,0.07409806657364959,0.0495232890547582,3.7566797547189887,3.4052415736279675,0.02770989370222486,0.024574777518891387
largest_residual_variance_gap,4,log_annual_earnings_real,6700,2085,4.068070325934855,4.066872456711378,3.7889881134033203,1.4531641006469727,0.035959463877084014,0.1016394883741374,0.0,0.05089007076612017,3.0680703259348547,3.066872456711378,-0.06568002449705339,-0.05089007076612017
largest_residual_variance_gap,5,log_annual_earnings_real,8220,13392,3.6991348842664924,4.035724285201926,1.5260562896728516,0.5709514617919922,0.1349,0.09738041113972513,0.06736875,0.04900843579790959,2.6991348842664924,3.035724285201926,0.03751958886027486,0.018360314202090416
largest_residual_variance_gap,6,log_annual_earnings_real,8730,842,2.4526967889631206,3.0956298553702886,2.720478057861328,1.7160472869873047,0.01489599055056106,0.11861547252986476,0.01489599055056106,0.061593512748646224,1.4526967889631206,2.0956298553702886,-0.1037194819793037,-0.046697522198085165
largest_residual_variance_gap,7,log_annual_earnings_real,6540,645,3.7510388377400035,3.0678557149824197,4.064051151275635,1.7917585372924805,0.04184630991630738,0.10666394738183857,0.04184630991630738,0.05622546270330903,2.7510388377400035,2.0678557149824197,-0.06481763746553118,-0.01437915278700165
largest_residual_variance_gap,8,log_annual_earnings_real,4525,591,2.0408907249812374,2.375830199048631,2.5206146240234375,2.0310659408569336,0.09856526660344458,0.12038014783526928,0.05862828474410352,0.07872814736595096,1.0408907249812374,1.375830199048631,-0.021814881231824693,-0.020099862621847445
largest_residual_variance_gap,9,log_annual_earnings_real,7830,719,2.5480784571462527,2.358347959053748,2.3494205474853516,1.5686159133911133,0.0926623536155925,0.10804526146184268,0.03644255179755958,0.05659513695620331,1.5480784571462527,1.3583479590537482,-0.015382907846250182,-0.02015258515864373
largest_residual_variance_gap,10,log_annual_earnings_real,7410,9850,2.485116935783786,2.303153495215359,2.147085189819336,1.5755176544189453,0.05263439995712065,0.10128829045836277,0.007718282682103232,0.051350959634518266,1.4851169357837861,1.303153495215359,-0.048653890501242116,-0.04363267695241503
largest_residual_variance_gap,11,log_annual_earnings_real,6010,979,2.004992507862605,2.164361213652891,2.0412206649780273,1.4082632064819336,0.0919290057665986,0.10712441920495612,0.041914420984136246,0.06337119256582344,1.004992507862605,1.164361213652891,-0.015195413438357522,-0.02145677158168719
largest_residual_variance_gap,12,log_annual_earnings_real,2631,538,1.8399127837001148,2.0732865907043134,2.036881446838379,1.6123552322387695,0.04712041884816754,0.13740170203597976,0.03799413996829819,0.06358397069912744,0.8399127837001148,1.0732865907043134,-0.09028128318781223,-0.025589830730829252
largest_residual_variance_gap,13,log_annual_earnings_real,6825,1278,1.404764698106922,2.053380647735093,1.7046394348144531,1.3761348724365234,0.09984697781178271,0.10477407935493387,0.0,0.0536162053198289,0.40476469810692195,1.0533806477350929,-0.004927101543151152,-0.0536162053198289
largest_residual_variance_gap,14,log_annual_earnings_real,1545,3480,1.8030716445141457,2.0510365980544094,1.6847639083862305,1.1845779418945312,0.06262578594528571,0.11040491047443807,0.04105653254125779,0.05343090607102349,0.8030716445141457,1.0510365980544094,-0.04777912452915235,-0.012374373529765705
largest_residual_variance_gap,15,log_annual_earnings_real,4240,5300,2.1349979434693416,2.0310916501757403,1.7972116470336914,1.368417739868164,0.07874229793403408,0.10144169411411892,0.04394708227618702,0.05097302851183975,1.1349979434693416,1.0310916501757403,-0.022699396180084846,-0.007025946235652725
largest_residual_variance_gap,16,log_annual_earnings_real,1410,17222,2.2033993029900993,2.0143711338396444,1.2373857498168945,0.6483116149902344,0.15566849177717268,0.09694642026284189,0.07385308024260535,0.04865361094162258,1.2033993029900993,1.0143711338396444,0.05872207151433079,0.025199469300982776
largest_residual_variance_gap,17,log_annual_earnings_real,9130,199898,1.9686692933594256,2.0095935997723102,2.70444393157959,1.7243404388427734,0.03680765373985097,0.10526765404471007,0.018810279038961576,0.05261678239658213,0.9686692933594256,1.0095935997723102,-0.0684600003048591,-0.03380650335762055
largest_residual_variance_gap,18,log_annual_earnings_real,6220,8018,2.1773318236019494,1.9915755421537114,2.683004379272461,1.7599191665649414,0.08869987849331713,0.10016549556396483,0.07715674362089915,0.0516498955234839,1.1773318236019494,0.9915755421537114,-0.011465617070647693,0.025506848097415248
largest_residual_variance_gap,19,log_annual_earnings_real,6730,7140,1.993432344167414,1.9821398526501843,2.487441062927246,1.2383737564086914,0.06026600166251039,0.10178649929175011,0.04222776392352452,0.050365115029551114,0.993432344167414,0.9821398526501843,-0.04152049762923972,-0.008137351106026591
largest_residual_variance_gap,20,log_annual_earnings_real,6250,3882,1.9061927660098603,1.9753216656228683,2.5990982055664062,1.7627582550048828,0.12621963877932324,0.1002510056578474,0.01909902428897654,0.05081024953396344,0.9061927660098603,0.9753216656228683,0.025968633121475834,-0.0317112252449869
largest_residual_variance_gap,21,log_annual_earnings_real,4255,694,1.8334469194141938,1.9751729584823923,2.8444995880126953,2.1059093475341797,0.11478763085067982,0.1060797460564247,0.04584285886174949,0.05339617141191332,0.8334469194141938,0.9751729584823923,0.008707884794255119,-0.007553312550163831
largest_residual_variance_gap,22,log_annual_earnings_real,7925,1182,2.2548372657049462,1.9604388193841842,1.8454971313476562,1.2447948455810547,0.06500519210799585,0.10865918808598106,0.02699896157840083,0.05444109405753401,1.2548372657049462,0.9604388193841842,-0.04365399597798521,-0.02744213247913318
largest_residual_variance_gap,23,log_annual_earnings_real,6940,2666,1.9553003764646473,1.9487341522773725,2.8903331756591797,1.8563365936279297,0.09419134396355353,0.10026616704584318,0.038838268792710705,0.05088400172488142,0.9553003764646473,0.9487341522773725,-0.006074823082289654,-0.012045732932170712
largest_residual_variance_gap,24,log_annual_earnings_real,9570,784,2.0649550589162735,1.9472020821232494,2.224820137023926,1.5653486251831055,0.03379174852652259,0.10706454751865066,0.015520628683693517,0.0627311060655206,1.0649550589162735,0.9472020821232494,-0.07327279899212807,-0.047210477381827085
largest_residual_variance_gap,25,log_annual_earnings_real,7330,25724,1.9189591083157052,1.915554376773151,1.8954811096191406,1.2835073471069336,0.05389237888306045,0.1027564508337847,0.025082502250061367,0.05109315747114273,0.9189591083157052,0.9155543767731511,-0.048864071950724244,-0.026010655221081362
largest_top10_share_gap,1,log_annual_earnings_real,2015,7560,1.4698376570438403,1.5648380814982477,1.0531110763549805,0.9451160430908203,0.0077699480647450475,0.7608118829337095,0.0077699480647450475,0.7608118829337095,0.4698376570438403,0.5648380814982477,-0.7530419348689644,-0.7530419348689644
largest_top10_share_gap,2,log_annual_earnings_real,4750,7017,3.8151019650427815,5.153122128679118,1.911630630493164,0.7670021057128906,0.04320004445020651,0.7767637459728278,0.04320004445020651,0.7767637459728278,2.8151019650427815,4.153122128679118,-0.7335637015226213,-0.7335637015226213
largest_top10_share_gap,3,log_annual_earnings_real,500,2603,7.980971828918172,15.970918276522442,2.6275548934936523,0.0,0.700864043987694,0.0570717359851333,0.34161811874059045,0.031172711483040252,6.980971828918172,14.970918276522442,0.6437923080025607,0.3104454072575502
largest_top10_share_gap,4,log_annual_earnings_real,2910,5416,0.5624857100702592,0.36606018720742106,1.707672119140625,2.231692314147949,0.035943669415031305,0.3728339603907096,0.017431520054110448,0.1881082406704031,0.43751428992974084,0.6339398127925789,-0.3368902909756783,-0.17067672061629266
largest_top10_share_gap,5,log_annual_earnings_real,3310,15322,0.7268368366971122,0.7873140651120208,1.393869400024414,1.9727296829223633,0.09128554394210649,0.32253748186361436,0.041635206918759285,0.2588747380299855,0.2731631633028878,0.21268593488797916,-0.2312519379215079,-0.21723953111122624
largest_top10_share_gap,6,log_annual_earnings_real,3322,4448,0.6719219329612188,0.7696454635172417,1.2638139724731445,2.3513402938842773,0.06260756086619632,0.26229508196721313,0.02393050854369724,0.16312182023742228,0.3280780670387812,0.23035453648275828,-0.1996875211010168,-0.13919131169372503
largest_top10_share_gap,7,log_annual_earnings_real,8310,2198,1.0062240420980557,1.0916534033851215,1.9945411682128906,1.9069833755493164,0.03209037981702246,0.22327017690777767,0.015386747990019406,0.11525175337590286,0.006224042098055715,0.09165340338512151,-0.19117979709075522,-0.09986500538588346
largest_top10_share_gap,8,log_annual_earnings_real,5230,2828,0.6058746562141173,0.6746436952435878,1.367640495300293,2.0062904357910156,0.05021841706717091,0.23216735253772292,0.026490182174716145,0.11215134887974394,0.3941253437858827,0.3253563047564122,-0.18194893547055202,-0.0856611667050278
largest_top10_share_gap,9,log_annual_earnings_real,2170,3402,0.5488656791564214,0.7109009956086788,1.4696760177612305,1.8727750778198242,0.052390931606020194,0.23110519529137724,0.02707182320441989,0.11338962605548854,0.45113432084357863,0.2890990043913212,-0.17871426368535703,-0.08631780285106865
largest_top10_share_gap,10,log_annual_earnings_real,3321,1769,0.7208022299537635,0.7754393631321294,2.1680421829223633,2.832090377807617,0.03295216593276862,0.1923513188915084,0.012055460287642076,0.10044037186957876,0.27919777004623647,0.22456063686787064,-0.15939915295873977,-0.08838491158193668
largest_top10_share_gap,11,log_annual_earnings_real,5420,7444,0.7768961310036414,0.9019017281900656,1.7827939987182617,2.1231813430786133,0.061946372397263694,0.2185394162492708,0.024451989813751435,0.12780862148733732,0.2231038689963586,0.09809827180993436,-0.15659304385200712,-0.10335663167358589
largest_top10_share_gap,12,log_annual_earnings_real,950,1985,0.6696034015435225,0.7474235136662558,1.7173652648925781,2.4629926681518555,0.03356891947671235,0.18775885872066267,0.014227830613843704,0.09687068568798896,0.3303965984564775,0.2525764863337442,-0.1541899392439503,-0.08264285507414525
largest_top10_share_gap,13,log_annual_earnings_real,3040,2137,0.8388015200053444,1.0509262622612443,1.4338607788085938,1.5840473175048828,0.044460326677684965,0.19542047019225867,0.020086061851372076,0.10348564434698353,0.16119847999465564,0.050926262261244304,-0.1509601435145737,-0.08339958249561145
largest_top10_share_gap,14,log_annual_earnings_real,2540,34709,0.9139999131941997,0.9430499276277129,1.9804754257202148,2.1757946014404297,0.08414144458095407,0.23331937356847782,0.04048476372243729,0.13740286330288037,0.08600008680580029,0.05695007237228711,-0.14917792898752374,-0.09691809958044309
largest_top10_share_gap,15,log_annual_earnings_real,4610,33965,0.9174842944050314,0.9624778535096963,1.8455820083618164,2.0821781158447266,0.3458065856545581,0.19851265170528257,0.04139818539130199,0.1158734344499812,0.08251570559496857,0.03752214649030372,0.1472939339492755,-0.07447524905867922
largest_top10_share_gap,16,log_annual_earnings_real,2630,23314,0.8288886060633107,0.8819203808046083,1.3589544296264648,1.788191795349121,0.050192927029139286,0.1963180487882362,0.021947254685663223,0.10291117173570326,0.17111139393668928,0.11807961919539167,-0.14612512175909692,-0.08096391705004004
largest_top10_share_gap,17,log_annual_earnings_real,6040,3921,0.889337453636648,0.8652107642718228,2.104722023010254,2.308903694152832,0.05748392007390665,0.20346998721065873,0.025623296864196527,0.10967914213033884,0.11066254636335204,0.13478923572817725,-0.14598606713675208,-0.08405584526614232
largest_top10_share_gap,18,log_annual_earnings_real,5165,9898,0.772017471058018,0.7981202333853478,1.7438383102416992,2.048229217529297,0.03996468945411592,0.18535324258233887,0.016748947987628743,0.09762506024524535,0.227982528941982,0.20187976661465223,-0.14538855312822296,-0.08087611225761661
largest_top10_share_gap,19,log_annual_earnings_real,3230,15117,1.051814672948975,1.238346204622506,1.302032470703125,1.216583251953125,0.09385692414536632,0.23846727346152652,0.04633782925483475,0.1318536236836383,0.051814672948975016,0.238346204622506,-0.14461034931616018,-0.08551579442880354
largest_top10_share_gap,20,log_annual_earnings_real,5010,1246,1.1972667318197594,1.34709008910877,1.8062372207641602,1.863469123840332,0.07059122880354773,0.21495327102803738,0.0340597226513513,0.114910790144435,0.1972667318197594,0.34709008910877004,-0.14436204222448965,-0.08085106749308371
largest_top10_share_gap,21,log_annual_earnings_real,9415,1522,0.7942746138963603,0.7742010812605697,2.139657974243164,2.1391687393188477,0.05133400355734282,0.19165077690778531,0.02495553321475524,0.09569015646341299,0.20572538610363966,0.22579891873943025,-0.1403167733504425,-0.07073462324865774
largest_top10_share_gap,22,log_annual_earnings_real,3640,21447,0.6562342519928874,0.7283071470685524,1.5021610260009766,1.8971195220947266,0.09332177526975352,0.23152996765898598,0.04240702339766973,0.18040379448690153,0.34376574800711257,0.2716928529314476,-0.13820819238923246,-0.1379967710892318
largest_top10_share_gap,23,log_annual_earnings_real,2160,5107,0.7230873330850882,0.7894676153658983,1.784632682800293,2.2344608306884766,0.061556807123516986,0.199038722431102,0.02436859965007639,0.11685853456852333,0.2769126669149118,0.21053238463410173,-0.137481915307585,-0.09248993491844694
largest_top10_share_gap,24,log_annual_earnings_real,7840,5464,1.4216878705867304,1.4396166832846171,1.9459495544433594,1.6237916946411133,0.04546650598098085,0.18250726572932213,0.019821702040322284,0.0952910219150106,0.4216878705867304,0.4396166832846171,-0.1370407597483413,-0.07546931987468831
largest_top10_share_gap,25,log_annual_earnings_real,5110,33609,0.8722012842436953,0.9961717237508122,1.3413877487182617,1.5255508422851562,0.0842467293162694,0.2196646424859128,0.038008765450576035,0.1404252603169393,0.12779871575630475,0.003828276249187801,-0.1354179131696434,-0.10241649486636327
male_more_variable_raw,1,log_annual_earnings_real,2011,3216,0.47896751679412924,0.42568550247436887,1.2909841537475586,1.446599006652832,0.09240703629481184,0.14491739486619334,0.04365633624150658,0.0835608956854178,0.5210324832058708,0.5743144975256311,-0.052510358571381505,-0.03990455944391122
male_more_variable_raw,2,log_annual_earnings_real,2005,952,0.4850185582275592,0.5269513214204212,1.5766229629516602,1.9769048690795898,0.09661967779056387,0.11012038884954613,0.03849252013808976,0.07809180454516192,0.5149814417724408,0.4730486785795788,-0.013500711058982262,-0.03959928440707216
male_more_variable_raw,3,log_annual_earnings_real,330,602,0.4926336624206214,0.4366441566902241,1.2684030532836914,1.4344301223754883,0.07234785432990946,0.1194210208316915,0.037960293938532744,0.057976725247589775,0.5073663375793787,0.5633558433097758,-0.04707316650178203,-0.02001643130905703
male_more_variable_raw,4,log_annual_earnings_real,7030,1518,0.5190450511882982,0.65082487315746,1.2092037200927734,1.3726119995117188,0.048934977578475335,0.11159447457386089,0.010818385650224215,0.0557261333005824,0.48095494881170175,0.34917512684254004,-0.06265949699538556,-0.04490774765035819
male_more_variable_raw,5,log_annual_earnings_real,2013,1116,0.5460917533799682,0.6628365639430271,1.3149194717407227,2.419118881225586,0.09848070005905406,0.1099329561124055,0.04772641863960917,0.06257429508820313,0.4539082466200318,0.33716343605697285,-0.011452256053351442,-0.014847876448593957
male_more_variable_raw,6,log_annual_earnings_real,2170,3402,0.5488656791564214,0.7109009956086788,1.4696760177612305,1.8727750778198242,0.052390931606020194,0.23110519529137724,0.02707182320441989,0.11338962605548854,0.45113432084357863,0.2890990043913212,-0.17871426368535703,-0.08631780285106865
male_more_variable_raw,7,log_annual_earnings_real,2145,30142,0.5538369466152953,0.589306189274027,1.4449071884155273,2.3076257705688477,0.08949321661234226,0.15375249942844285,0.04221349275617834,0.08889074367748936,0.44616305338470474,0.410693810725973,-0.06425928281610059,-0.046677250921311024
male_more_variable_raw,8,log_annual_earnings_real,2910,5416,0.5624857100702592,0.36606018720742106,1.707672119140625,2.231692314147949,0.035943669415031305,0.3728339603907096,0.017431520054110448,0.1881082406704031,0.43751428992974084,0.6339398127925789,-0.3368902909756783,-0.17067672061629266
male_more_variable_raw,9,log_annual_earnings_real,960,3835,0.577024069684501,0.6289975357705002,1.599278450012207,2.4128599166870117,0.0410630560574526,0.16905374875216728,0.018333600164673055,0.08683339463037881,0.42297593031549896,0.3710024642294998,-0.1279906926947147,-0.06849979446570575
male_more_variable_raw,10,log_annual_earnings_real,726,7095,0.5950198174055583,0.6345633654621136,1.6031808853149414,2.183971405029297,0.07802398092530606,0.16417619614960638,0.03452511959894233,0.09692235744747185,0.4049801825944417,0.36543663453788644,-0.08615221522430032,-0.06239723784852952
male_more_variable_raw,11,log_annual_earnings_real,2180,2126,0.6040642547934251,0.6368990656842992,2.3471803665161133,2.881135940551758,0.07159917416708274,0.15129406435153725,0.03472681393120758,0.07775115339222488,0.39593574520657493,0.3631009343157008,-0.07969489018445451,-0.0430243394610173
male_more_variable_raw,12,log_annual_earnings_real,5230,2828,0.6058746562141173,0.6746436952435878,1.367640495300293,2.0062904357910156,0.05021841706717091,0.23216735253772292,0.026490182174716145,0.11215134887974394,0.3941253437858827,0.3253563047564122,-0.18194893547055202,-0.0856611667050278
male_more_variable_raw,13,log_annual_earnings_real,5320,5634,0.6068280629344932,0.693784408329924,2.110391616821289,2.85654878616333,0.08486526131497385,0.15484198502348015,0.04110771997066269,0.09404746795278589,0.3931719370655068,0.30621559167007595,-0.0699767237085063,-0.0529397479821232
male_more_variable_raw,14,log_annual_earnings_real,1822,2795,0.6145876749343945,0.7232642608052469,1.0948505401611328,1.4313116073608398,0.09195515090491753,0.153072186558365,0.0413207273471965,0.1078213022402725,0.3854123250656055,0.27673573919475314,-0.06111703565344746,-0.06650057489307601
male_more_variable_raw,15,log_annual_earnings_real,5720,1715,0.6155874676445943,0.7138475045863055,1.389481544494629,1.4914512634277344,0.10138855426996597,0.100144207659029,0.04793832304012881,0.08508251882711104,0.38441253235540573,0.2861524954136945,0.001244346610936975,-0.037144195786982234
male_more_variable_raw,16,log_annual_earnings_real,6210,1312,0.6212230330260614,0.5864566348253296,1.3714418411254883,1.6523847579956055,0.04065258090398502,0.10398178421298458,0.04065258090398502,0.051341370854740775,0.3787769669739386,0.4135433651746704,-0.06332920330899956,-0.010688789950755756
male_more_variable_raw,17,log_annual_earnings_real,6441,1862,0.6222249835605478,0.8430524105388735,1.6288328170776367,1.687398910522461,0.0,0.10306021152304226,0.0,0.05199782367989004,0.3777750164394522,0.15694758946112652,-0.10306021152304226,-0.05199782367989004
male_more_variable_raw,18,log_annual_earnings_real,5710,9558,0.6317319934391465,0.7529674625838244,1.3202619552612305,1.568873405456543,0.0983609924416694,0.17988027227421904,0.04484515799851255,0.12901118269113893,0.36826800656085346,0.2470325374161756,-0.08151927983254964,-0.08416602469262638
male_more_variable_raw,19,log_annual_earnings_real,1821,661,0.6432467305864756,0.6018527175934291,1.6442604064941406,1.9034385681152344,0.07963795527915866,0.18415972643538692,0.024103305539601116,0.1251447796591473,0.35675326941352437,0.39814728240657093,-0.10452177115622825,-0.10104147411954618
male_more_variable_raw,20,log_annual_earnings_real,2740,917,0.6451124263436797,0.7180683275806148,2.7541732788085938,3.3029069900512695,0.07226468608787616,0.17274671362978802,0.03461205653302567,0.09978615007233159,0.3548875736563203,0.2819316724193852,-0.10048202754191186,-0.06517409353930592
male_more_variable_raw,21,log_annual_earnings_real,8300,9133,0.6460990406077738,0.6587813978882436,2.1124916076660156,2.717228889465332,0.06306882831388423,0.16743503612141677,0.02877633083497773,0.08884775096183921,0.3539009593922262,0.34121860211175636,-0.10436620780753254,-0.06007142012686148
male_more_variable_raw,22,log_annual_earnings_real,4340,1775,0.648285113362483,0.6872532078671681,2.0621461868286133,2.4351768493652344,0.06374466962676396,0.15253926092757383,0.02445157603200422,0.08573142220644576,0.35171488663751704,0.31274679213283185,-0.08879459130080987,-0.061279846174441543
male_more_variable_raw,23,log_annual_earnings_real,2440,2275,0.6525830549354532,0.7633522277243975,2.420368194580078,2.7080116271972656,0.07397543919050906,0.168645155004141,0.03624868145177044,0.0872050536708943,0.3474169450645468,0.23664777227560252,-0.09466971581363195,-0.050956372219123865
male_more_variable_raw,24,log_annual_earnings_real,3640,21447,0.6562342519928874,0.7283071470685524,1.5021610260009766,1.8971195220947266,0.09332177526975352,0.23152996765898598,0.04240702339766973,0.18040379448690153,0.34376574800711257,0.2716928529314476,-0.13820819238923246,-0.1379967710892318
male_more_variable_raw,25,log_annual_earnings_real,7740,1881,0.6657454371682524,0.5796253804243976,1.3930397033691406,1.621272087097168,0.01110494169905608,0.10512930763261111,0.004553026096612993,0.053401010969649935,0.3342545628317476,0.4203746195756024,-0.09402436593355502,-0.048847984873036945
female_more_variable_raw,1,log_hourly_wage_real,500,2603,4.026066833944857,8.972930708132873,1.7240345478057861,0.0,0.7201413890161681,0.055437038976129754,0.31066308830267725,0.03130360024124964,3.0260668339448573,7.972930708132873,0.6647043500400384,0.27935948806142763
female_more_variable_raw,2,log_hourly_wage_real,6250,3882,3.28669390981258,3.689947921914304,2.4143394231796265,1.3411352634429932,0.19721818559269255,0.09927396409065638,0.0732821258044426,0.049843428066847634,2.28669390981258,2.689947921914304,0.09794422150203617,0.023438697737594966
female_more_variable_raw,3,log_hourly_wage_real,6700,2085,2.8752125750240975,2.8261462252485043,2.872697353363037,1.3332843780517578,0.035959463877084014,0.10208782031559052,0.0,0.051544987033536986,1.8752125750240975,1.8261462252485043,-0.06612835643850651,-0.051544987033536986
female_more_variable_raw,4,log_hourly_wage_real,7360,3715,2.7103049832562425,2.3636067321691407,1.6094379425048828,1.1774790287017822,0.0367520233514661,0.10141095537824367,0.0367520233514661,0.05042176568313171,1.7103049832562425,1.3636067321691407,-0.06465893202677757,-0.01366974233166561
female_more_variable_raw,5,log_hourly_wage_real,8220,13392,2.665307241823628,3.4643844731451106,1.1428773403167725,0.5525162220001221,0.15635625,0.09714774512553667,0.075840625,0.049605178767914544,1.665307241823628,2.4643844731451106,0.05920850487446333,0.02623544623208545
female_more_variable_raw,6,log_hourly_wage_real,7830,719,2.633385262481371,2.246753332194078,1.720528244972229,1.3644216060638428,0.08725739087707804,0.10625091548264246,0.034968471050692,0.05674161417899517,1.633385262481371,1.246753332194078,-0.018993524605564416,-0.02177314312830317
female_more_variable_raw,7,log_hourly_wage_real,8130,3052,2.381879815025994,2.3382407893410395,1.3990111351013184,0.9971034526824951,0.1392128279883382,0.09988997782630038,0.10408163265306122,0.0487685979789773,1.3818798150259939,1.3382407893410395,0.03932285016203782,0.055313034674083925
female_more_variable_raw,8,log_hourly_wage_real,1410,17223,2.3138309356193636,2.1344664885653715,1.1401960849761963,0.6219353675842285,0.184937431804107,0.09524502060296047,0.08890778440759273,0.04792563431765057,1.3138309356193636,1.1344664885653715,0.08969241120114652,0.04098215008994216
female_more_variable_raw,9,log_hourly_wage_real,4525,591,2.1089841867095718,2.2335641438843004,1.9564766883850098,1.4769487380981445,0.11026645048793172,0.05232899213891822,0.05564563002844994,0.01361023113927021,1.1089841867095718,1.2335641438843004,0.0579374583490135,0.04203539888917973
female_more_variable_raw,10,log_hourly_wage_real,7260,5011,2.067585452522873,2.2341019126494714,2.4419130086898804,1.39615797996521,0.1603547937014152,0.09821992172705467,0.09941199920271078,0.04856519776629836,1.0675854525228732,1.2341019126494714,0.06213487197436053,0.05084680143641242
female_more_variable_raw,11,log_hourly_wage_real,6800,2967,1.9833486416604935,1.7006401067305459,1.977386236190796,1.6863749027252197,0.17032690695725064,0.09908106574698868,0.030511316010058676,0.05038679386612183,0.9833486416604935,0.7006401067305459,0.07124584121026196,-0.019875477856063157
female_more_variable_raw,12,log_hourly_wage_real,6440,16366,1.944380205226575,1.9553361212917495,1.7247248888015747,1.3871634006500244,0.10986467808813603,0.10159601735172549,0.03908585387804957,0.050293074100010444,0.9443802052265751,0.9553361212917495,0.00826866073641054,-0.011207220221960877
female_more_variable_raw,13,log_hourly_wage_real,3720,4572,1.8969218547048772,1.6428091863687067,1.4815330505371094,1.2213213443756104,0.14021203523965955,0.09823083247019261,0.053456771688815886,0.05025336857114989,0.8969218547048772,0.6428091863687067,0.041981202769466944,0.0032034031176659955
female_more_variable_raw,14,log_hourly_wage_real,9350,3207,1.8886949590877218,1.8039127396484829,1.5520260334014893,1.4298534393310547,0.07358057703702578,0.10535210655305645,0.04921071423145292,0.050725188972997645,0.8886949590877218,0.8039127396484829,-0.03177152951603067,-0.0015144747415447232
female_more_variable_raw,15,log_hourly_wage_real,4750,7017,1.8873714723613964,2.5574438861741564,1.3002395629882812,0.8259451389312744,0.05108069564573185,0.7716746437761954,0.05108069564573185,0.7716746437761954,0.8873714723613964,1.5574438861741564,-0.7205939481304636,-0.7205939481304636
female_more_variable_raw,16,log_hourly_wage_real,9510,4552,1.8500883009998874,1.9827193751944852,1.3919036388397217,1.3377721309661865,0.08073929961089495,0.10086294637212205,0.07166018158236057,0.05001482120240373,0.8500883009998874,0.9827193751944852,-0.020123646761227104,0.02164536037995684
female_more_variable_raw,17,log_hourly_wage_real,2900,3058,1.8240744861518599,1.7064111206254498,1.592146396636963,1.5497105121612549,0.07453797285590529,0.10275156955276167,0.05269997112330349,0.05006528441226384,0.8240744861518599,0.7064111206254498,-0.028213596696856386,0.002634686711039648
female_more_variable_raw,18,log_hourly_wage_real,6765,3212,1.805902922046333,1.9584117425123828,1.7725573778152466,1.409125566482544,0.1218941645065436,0.09918591859185918,0.09932351267623443,0.04810975215168576,0.805902922046333,0.9584117425123828,0.022708245914684413,0.05121376052454867
female_more_variable_raw,19,log_hourly_wage_real,7610,1205,1.7501263058233858,1.8210372894905684,1.6832126379013062,1.5283962488174438,0.12304124357527893,0.09778664313936093,0.06763194183276922,0.04893168130729986,0.7501263058233858,0.8210372894905684,0.025254600435917998,0.01870026052546936
female_more_variable_raw,20,log_hourly_wage_real,8610,5776,1.7422365539788551,1.549773192389352,1.8280463218688965,1.2990119457244873,0.16545215625373313,0.09742334636234233,0.09939075379285629,0.04797776411686002,0.7422365539788551,0.5497731923893521,0.0680288098913908,0.05141298967599627
female_more_variable_raw,21,log_hourly_wage_real,6220,8020,1.6790033490752436,1.615904483890914,1.887031078338623,1.4483928680419922,0.1591737545565006,0.09936314449142794,0.07863218191286235,0.04985164499520028,0.6790033490752436,0.615904483890914,0.059810610065072656,0.028780536917662074
female_more_variable_raw,22,log_hourly_wage_real,7850,662,1.6527689471781366,1.5594817505425185,1.7114813327789307,1.1994907855987549,0.08942770547334641,0.10907621247113164,0.06724906400427884,0.04378752886836028,0.6527689471781366,0.5594817505425185,-0.019648506997785226,0.02346153513591856
female_more_variable_raw,23,log_hourly_wage_real,6830,503,1.65029797036904,1.5089411474413652,1.862388253211975,1.421320915222168,0.0611764705882353,0.10836052864071544,0.0,0.056884770026864755,0.6502979703690399,0.5089411474413652,-0.04718405805248014,-0.056884770026864755
female_more_variable_raw,24,log_hourly_wage_real,4522,2294,1.6250712618719592,1.6582580323442544,1.6985721588134766,1.8338983058929443,0.1015996333557558,0.0783601453035807,0.05067969633577516,0.01167618059159315,0.6250712618719592,0.6582580323442544,0.0232394880521751,0.03900351574418201
female_more_variable_raw,25,log_hourly_wage_real,6820,945,1.6165888835429716,1.926123121136896,2.2250428199768066,1.3925905227661133,0.0,0.10089561457689931,0.0,0.05133827465513691,0.6165888835429716,0.9261231211368961,-0.10089561457689931,-0.05133827465513691
largest_residual_variance_gap,1,log_hourly_wage_real,500,2603,4.026066833944857,8.972930708132873,1.7240345478057861,0.0,0.7201413890161681,0.055437038976129754,0.31066308830267725,0.03130360024124964,3.0260668339448573,7.972930708132873,0.6647043500400384,0.27935948806142763
largest_residual_variance_gap,2,log_hourly_wage_real,6250,3882,3.28669390981258,3.689947921914304,2.4143394231796265,1.3411352634429932,0.19721818559269255,0.09927396409065638,0.0732821258044426,0.049843428066847634,2.28669390981258,2.689947921914304,0.09794422150203617,0.023438697737594966
largest_residual_variance_gap,3,log_hourly_wage_real,8220,13392,2.665307241823628,3.4643844731451106,1.1428773403167725,0.5525162220001221,0.15635625,0.09714774512553667,0.075840625,0.049605178767914544,1.665307241823628,2.4643844731451106,0.05920850487446333,0.02623544623208545
largest_residual_variance_gap,4,log_hourly_wage_real,6700,2085,2.8752125750240975,2.8261462252485043,2.872697353363037,1.3332843780517578,0.035959463877084014,0.10208782031559052,0.0,0.051544987033536986,1.8752125750240975,1.8261462252485043,-0.06612835643850651,-0.051544987033536986
largest_residual_variance_gap,5,log_hourly_wage_real,4750,7017,1.8873714723613964,2.5574438861741564,1.3002395629882812,0.8259451389312744,0.05108069564573185,0.7716746437761954,0.05108069564573185,0.7716746437761954,0.8873714723613964,1.5574438861741564,-0.7205939481304636,-0.7205939481304636
largest_residual_variance_gap,6,log_hourly_wage_real,7360,3715,2.7103049832562425,2.3636067321691407,1.6094379425048828,1.1774790287017822,0.0367520233514661,0.10141095537824367,0.0367520233514661,0.05042176568313171,1.7103049832562425,1.3636067321691407,-0.06465893202677757,-0.01366974233166561
largest_residual_variance_gap,7,log_hourly_wage_real,8130,3052,2.381879815025994,2.3382407893410395,1.3990111351013184,0.9971034526824951,0.1392128279883382,0.09988997782630038,0.10408163265306122,0.0487685979789773,1.3818798150259939,1.3382407893410395,0.03932285016203782,0.055313034674083925
largest_residual_variance_gap,8,log_hourly_wage_real,7830,719,2.633385262481371,2.246753332194078,1.720528244972229,1.3644216060638428,0.08725739087707804,0.10625091548264246,0.034968471050692,0.05674161417899517,1.633385262481371,1.246753332194078,-0.018993524605564416,-0.02177314312830317
largest_residual_variance_gap,9,log_hourly_wage_real,7260,5011,2.067585452522873,2.2341019126494714,2.4419130086898804,1.39615797996521,0.1603547937014152,0.09821992172705467,0.09941199920271078,0.04856519776629836,1.0675854525228732,1.2341019126494714,0.06213487197436053,0.05084680143641242
largest_residual_variance_gap,10,log_hourly_wage_real,4525,591,2.1089841867095718,2.2335641438843004,1.9564766883850098,1.4769487380981445,0.11026645048793172,0.05232899213891822,0.05564563002844994,0.01361023113927021,1.1089841867095718,1.2335641438843004,0.0579374583490135,0.04203539888917973
largest_residual_variance_gap,11,log_hourly_wage_real,1410,17223,2.3138309356193636,2.1344664885653715,1.1401960849761963,0.6219353675842285,0.184937431804107,0.09524502060296047,0.08890778440759273,0.04792563431765057,1.3138309356193636,1.1344664885653715,0.08969241120114652,0.04098215008994216
largest_residual_variance_gap,12,log_hourly_wage_real,9510,4552,1.8500883009998874,1.9827193751944852,1.3919036388397217,1.3377721309661865,0.08073929961089495,0.10086294637212205,0.07166018158236057,0.05001482120240373,0.8500883009998874,0.9827193751944852,-0.020123646761227104,0.02164536037995684
largest_residual_variance_gap,13,log_hourly_wage_real,6765,3212,1.805902922046333,1.9584117425123828,1.7725573778152466,1.409125566482544,0.1218941645065436,0.09918591859185918,0.09932351267623443,0.04810975215168576,0.805902922046333,0.9584117425123828,0.022708245914684413,0.05121376052454867
largest_residual_variance_gap,14,log_hourly_wage_real,6440,16366,1.944380205226575,1.9553361212917495,1.7247248888015747,1.3871634006500244,0.10986467808813603,0.10159601735172549,0.03908585387804957,0.050293074100010444,0.9443802052265751,0.9553361212917495,0.00826866073641054,-0.011207220221960877
largest_residual_variance_gap,15,log_hourly_wage_real,6820,945,1.6165888835429716,1.926123121136896,2.2250428199768066,1.3925905227661133,0.0,0.10089561457689931,0.0,0.05133827465513691,0.6165888835429716,0.9261231211368961,-0.10089561457689931,-0.05133827465513691
largest_residual_variance_gap,16,log_hourly_wage_real,7610,1205,1.7501263058233858,1.8210372894905684,1.6832126379013062,1.5283962488174438,0.12304124357527893,0.09778664313936093,0.06763194183276922,0.04893168130729986,0.7501263058233858,0.8210372894905684,0.025254600435917998,0.01870026052546936
largest_residual_variance_gap,17,log_hourly_wage_real,9350,3207,1.8886949590877218,1.8039127396484829,1.5520260334014893,1.4298534393310547,0.07358057703702578,0.10535210655305645,0.04921071423145292,0.050725188972997645,0.8886949590877218,0.8039127396484829,-0.03177152951603067,-0.0015144747415447232
largest_residual_variance_gap,18,log_hourly_wage_real,2910,5419,0.3495205807793388,0.2423209508503552,0.6696972846984863,1.649528980255127,0.04443567142323925,0.3326626525474908,0.022248700795314248,0.16587540285692076,0.6504794192206612,0.7576790491496448,-0.28822698112425155,-0.14362670206160652
largest_residual_variance_gap,19,log_hourly_wage_real,4250,28416,1.5554927446456623,1.7535631395256877,1.5206947326660156,1.1022183895111084,0.1396024101161454,0.09843893337577535,0.07451341816307924,0.05106290145020227,0.5554927446456623,0.7535631395256877,0.04116347674037006,0.02345051671287697
largest_residual_variance_gap,20,log_hourly_wage_real,2900,3058,1.8240744861518599,1.7064111206254498,1.592146396636963,1.5497105121612549,0.07453797285590529,0.10275156955276167,0.05269997112330349,0.05006528441226384,0.8240744861518599,0.7064111206254498,-0.028213596696856386,0.002634686711039648
largest_residual_variance_gap,21,log_hourly_wage_real,6800,2967,1.9833486416604935,1.7006401067305459,1.977386236190796,1.6863749027252197,0.17032690695725064,0.09908106574698868,0.030511316010058676,0.05038679386612183,0.9833486416604935,0.7006401067305459,0.07124584121026196,-0.019875477856063157
largest_residual_variance_gap,22,log_hourly_wage_real,6740,708,0.5746714577296926,0.30591573383628107,0.9688549041748047,1.2099344730377197,0.02388888888888889,0.10222654298483683,0.0,0.05868135725955631,0.42532854227030736,0.694084266163719,-0.07833765409594794,-0.05868135725955631
largest_residual_variance_gap,23,log_hourly_wage_real,6840,2463,1.3199922574716088,1.6855420039906055,1.7339210510253906,1.273698091506958,0.08945734141653112,0.10071957468667388,0.06328552417566169,0.04990248363938575,0.31999225747160875,0.6855420039906055,-0.011262233270142752,0.01338304053627594
largest_residual_variance_gap,24,log_hourly_wage_real,4522,2294,1.6250712618719592,1.6582580323442544,1.6985721588134766,1.8338983058929443,0.1015996333557558,0.0783601453035807,0.05067969633577516,0.01167618059159315,0.6250712618719592,0.6582580323442544,0.0232394880521751,0.03900351574418201
largest_residual_variance_gap,25,log_hourly_wage_real,8250,1564,1.6052096458088825,1.6513978446671034,1.5811574459075928,1.2493271827697754,0.07074882995319813,0.12895804709716585,0.03563442537701508,0.06304118605617152,0.6052096458088825,0.6513978446671034,-0.05820921714396772,-0.02740676067915644
largest_top10_share_gap,1,log_hourly_wage_real,2015,7560,1.1366679063897045,1.216984213031025,1.0540289878845215,0.9752340316772461,0.010479711802275388,0.7611518990529922,0.010479711802275388,0.7611518990529922,0.1366679063897045,0.2169842130310251,-0.7506721872507168,-0.7506721872507168
largest_top10_share_gap,2,log_hourly_wage_real,4750,7017,1.8873714723613964,2.5574438861741564,1.3002395629882812,0.8259451389312744,0.05108069564573185,0.7716746437761954,0.05108069564573185,0.7716746437761954,0.8873714723613964,1.5574438861741564,-0.7205939481304636,-0.7205939481304636
largest_top10_share_gap,3,log_hourly_wage_real,500,2603,4.026066833944857,8.972930708132873,1.7240345478057861,0.0,0.7201413890161681,0.055437038976129754,0.31066308830267725,0.03130360024124964,3.0260668339448573,7.972930708132873,0.6647043500400384,0.27935948806142763
largest_top10_share_gap,4,log_hourly_wage_real,2910,5419,0.3495205807793388,0.2423209508503552,0.6696972846984863,1.649528980255127,0.04443567142323925,0.3326626525474908,0.022248700795314248,0.16587540285692076,0.6504794192206612,0.7576790491496448,-0.28822698112425155,-0.14362670206160652
largest_top10_share_gap,5,log_hourly_wage_real,2170,3402,0.6646835533465529,0.8205620281848801,1.369490623474121,1.6237919330596924,0.054642789102686225,0.22397154860446736,0.03469994284625643,0.09351732457052535,0.33531644665344706,0.1794379718151199,-0.16932875950178114,-0.05881738172426892
largest_top10_share_gap,6,log_hourly_wage_real,3310,15322,0.5407588801051635,0.5691306838329724,1.0489530563354492,1.795365810394287,0.0949824683658163,0.25316782202160243,0.04529334306161251,0.16387231984523618,0.4592411198948365,0.4308693161670276,-0.15818535365578612,-0.11857897678362367
largest_top10_share_gap,7,log_hourly_wage_real,3322,4448,0.5463664243440249,0.6186409297303577,1.1065516471862793,2.2291672229766846,0.07119611761347416,0.22530384397964953,0.030537090656987887,0.14155831920105522,0.45363357565597506,0.38135907026964233,-0.15410772636617537,-0.11102122854406733
largest_top10_share_gap,8,log_hourly_wage_real,8310,2198,0.6249709069631221,0.6850980218316876,1.2646788358688354,1.4399938583374023,0.0469399778209038,0.19930911755469485,0.02487639774512522,0.09998953208416204,0.3750290930368779,0.31490197816831245,-0.15236913973379107,-0.07511313433903682
largest_top10_share_gap,9,log_hourly_wage_real,5230,2828,0.6145680972863711,0.6849175072611875,1.2314865589141846,1.7890222072601318,0.05932715287443864,0.20652720621856424,0.029011389202580735,0.10529263831732967,0.3854319027136289,0.3150824927388125,-0.14720005334412561,-0.07628124911474893
largest_top10_share_gap,10,log_hourly_wage_real,5010,1246,0.7758194644881419,0.8736300908755742,1.2580821514129639,1.5614898204803467,0.0726631649733738,0.2129354290569244,0.03817633267297941,0.10014868309260833,0.22418053551185813,0.1263699091244258,-0.1402722640835506,-0.06197235041962892
largest_top10_share_gap,11,log_hourly_wage_real,950,1986,0.6276833162885881,0.6721876416326935,1.475867748260498,2.144801378250122,0.04115735596188167,0.17982600311178315,0.017678553389231237,0.09271798917450091,0.3723166837114119,0.3278123583673065,-0.13866864714990149,-0.07503943578526967
largest_top10_share_gap,12,log_hourly_wage_real,2160,5107,0.6565323982789488,0.7152135624483207,1.4008893966674805,1.6775827407836914,0.06146604883804184,0.19909040402082767,0.027532534324279354,0.10942930604545396,0.3434676017210512,0.2847864375516793,-0.13762435518278582,-0.08189677172117461
largest_top10_share_gap,13,log_hourly_wage_real,3321,1769,0.6610862045630322,0.6764713266353022,2.0057168006896973,2.502017021179199,0.04283609227295837,0.1746586005960589,0.018647616913836634,0.09086561985676794,0.33891379543696776,0.3235286733646978,-0.13182250832310052,-0.0722180029429313
largest_top10_share_gap,14,log_hourly_wage_real,9650,1944,1.2826088595384584,1.1014312214146558,1.8617134094238281,1.3942983150482178,0.22318714719930524,0.09416072606903714,0.16402518454190188,0.04479517107839425,0.2826088595384584,0.10143122141465577,0.1290264211302681,0.11923001346350762
largest_top10_share_gap,15,log_hourly_wage_real,2630,23315,0.6156252789731983,0.6501960315479417,1.056959867477417,1.5004920959472656,0.05692179767202171,0.18232329850728488,0.026642044565485867,0.09305742525504025,0.3843747210268017,0.3498039684520583,-0.12540150083526316,-0.06641538068955438
largest_top10_share_gap,16,log_hourly_wage_real,5340,991,0.9512071313285195,0.8691212995661955,1.1179635524749756,1.1013493537902832,0.06772349006994435,0.19243232627409904,0.03977127686730995,0.08169945337304835,0.04879286867148047,0.13087870043380445,-0.12470883620415468,-0.0419281765057384
largest_top10_share_gap,17,log_hourly_wage_real,960,3835,0.6031849022625052,0.6167649952621934,1.5109977722167969,2.1738383769989014,0.04422843812181232,0.1647086638995429,0.01671888937172655,0.08888246729364788,0.3968150977374948,0.3832350047378066,-0.12048022577773057,-0.07216357792192132
largest_top10_share_gap,18,log_hourly_wage_real,5165,9898,0.7106520962027411,0.7193962674735676,1.5529861450195312,1.8166940212249756,0.05135893766777614,0.16900429323720748,0.023185897143898328,0.08798804201286861,0.28934790379725894,0.28060373252643245,-0.11764535556943134,-0.06480214486897029
largest_top10_share_gap,19,log_hourly_wage_real,9415,1522,1.1629808119588005,1.175421731229441,1.494841456413269,1.5612552165985107,0.057737220632588356,0.174273466131148,0.03921583790890109,0.07326869244188405,0.16298081195880054,0.17542173122944105,-0.11653624549855965,-0.034052854532982964
largest_top10_share_gap,20,log_hourly_wage_real,5860,76621,0.6443853945251027,0.7028905812684328,1.2340288162231445,1.4499847888946533,0.07795091476863429,0.19420789251477674,0.043017461708839265,0.07995641484130532,0.3556146054748973,0.29710941873156715,-0.11625697774614245,-0.036938953132466056
largest_top10_share_gap,21,log_hourly_wage_real,4810,30714,0.7013942241293998,0.7564089346883125,1.515784502029419,1.9546856880187988,0.05171990883807169,0.1662302408342299,0.02324098037700865,0.08691947364065215,0.2986057758706002,0.2435910653116875,-0.11451033199615822,-0.0636784932636435
largest_top10_share_gap,22,log_hourly_wage_real,5110,33609,0.6729234399807392,0.7901344622724091,1.061143398284912,1.3541154861450195,0.08680771209378899,0.2010116344803691,0.04020709634300264,0.12379643306526615,0.3270765600192608,0.20986553772759087,-0.11420392238658011,-0.08358933672226351
largest_top10_share_gap,23,log_hourly_wage_real,3946,877,0.7545779478569065,0.7921199825298075,1.3928927183151245,1.7664415836334229,0.08044390711255076,0.19454892341237395,0.040809343491947626,0.1104388116653039,0.24542205214309354,0.20788001747019247,-0.1141050162998232,-0.06962946817335627
largest_top10_share_gap,24,log_hourly_wage_real,5420,7444,0.7395155820796361,0.8916560950866741,1.2207937240600586,1.5742254257202148,0.07258867195952132,0.1853639892985738,0.03251111000149798,0.1030716311628749,0.2604844179203639,0.1083439049133259,-0.1127753173390525,-0.07056052116137693
largest_top10_share_gap,25,log_hourly_wage_real,3640,21447,0.561614841104127,0.6488685269148067,1.0396068096160889,1.4761412143707275,0.0936878677813312,0.2047567941339595,0.04483064298919766,0.13705675163685868,0.43838515889587304,0.3511314730851933,-0.1110689263526283,-0.09222610864766102
male_more_variable_raw,1,log_hourly_wage_real,2910,5419,0.3495205807793388,0.2423209508503552,0.6696972846984863,1.649528980255127,0.04443567142323925,0.3326626525474908,0.022248700795314248,0.16587540285692076,0.6504794192206612,0.7576790491496448,-0.28822698112425155,-0.14362670206160652
male_more_variable_raw,2,log_hourly_wage_real,3646,2127,0.4501694603607997,0.5210666414335501,1.2657376527786255,1.7842929363250732,0.0902027952128088,0.15909764629157527,0.04027447421971898,0.10852552321100374,0.5498305396392003,0.4789333585664499,-0.06889485107876647,-0.06825104899128476
male_more_variable_raw,3,log_hourly_wage_real,7300,1614,0.45619215633789917,0.4448281979801326,0.998950719833374,1.3092143535614014,0.053786345723719244,0.1041090208857947,0.04526573650015976,0.050362909198637236,0.5438078436621008,0.5551718020198674,-0.050322675162075454,-0.005097172698477474
male_more_variable_raw,4,log_hourly_wage_real,6835,635,0.4591406908451794,0.361094487323455,1.3040297031402588,1.5068881511688232,0.05779786890539231,0.10635475094884626,0.0,0.05708191986027609,0.5408593091548206,0.638905512676545,-0.04855688204345395,-0.05708191986027609
male_more_variable_raw,5,log_hourly_wage_real,5320,5638,0.47268093011851464,0.5209341553529426,1.2311533689498901,1.5002195835113525,0.08925518203639546,0.14409612048906376,0.04303839377564413,0.07688792994034777,0.5273190698814854,0.47906584464705737,-0.0548409384526683,-0.03384953616470363
male_more_variable_raw,6,log_hourly_wage_real,1440,1084,0.48128297876503257,0.4702900855980644,0.9708542823791504,1.0551483631134033,0.03918918918918919,0.10745602970706652,0.0,0.0572042663545272,0.5187170212349674,0.5297099144019356,-0.06826684051787733,-0.0572042663545272
male_more_variable_raw,7,log_hourly_wage_real,6825,1278,0.4978003315013563,0.7385461420671591,1.0836131572723389,1.3576226234436035,0.03442999234889059,0.10140616549486209,0.0,0.05184620679482767,0.5021996684986437,0.2614538579328409,-0.0669761731459715,-0.05184620679482767
male_more_variable_raw,8,log_hourly_wage_real,6115,660,0.5140502703740546,0.3713438287453751,2.027490258216858,2.1142640113830566,0.045454545454545456,0.1049993869543894,0.0,0.055082148111819516,0.4859497296259454,0.6286561712546249,-0.059544841499843945,-0.055082148111819516
male_more_variable_raw,9,log_hourly_wage_real,830,2485,0.5147591565150589,0.5094582378568925,1.1522588729858398,1.3956942558288574,0.06406803987466339,0.13941914530713334,0.025003374993782905,0.077525175821865,0.4852408434849411,0.4905417621431075,-0.07535110543246995,-0.05252180082808209
male_more_variable_raw,10,log_hourly_wage_real,8300,9133,0.5308112403715455,0.5166102753728276,1.375502109527588,1.65023934841156,0.07557373337027655,0.14417289457021745,0.037600509703924465,0.0728454928965028,0.4691887596284545,0.48338972462717245,-0.0685991611999409,-0.035244983192578336
male_more_variable_raw,11,log_hourly_wage_real,4500,3529,0.5382091484555607,0.5571680736145375,1.5855377912521362,1.7301769256591797,0.08931160031015069,0.10341534498237032,0.03741192731685939,0.05393252579398639,0.46179085154443933,0.44283192638546254,-0.014103744672219629,-0.016520598477127002
male_more_variable_raw,12,log_hourly_wage_real,3310,15322,0.5407588801051635,0.5691306838329724,1.0489530563354492,1.795365810394287,0.0949824683658163,0.25316782202160243,0.04529334306161251,0.16387231984523618,0.4592411198948365,0.4308693161670276,-0.15818535365578612,-0.11857897678362367
male_more_variable_raw,13,log_hourly_wage_real,7560,914,0.545094721956185,0.5094885091761958,0.9764411449432373,1.485105037689209,0.0630122950819672,0.10211873627569289,0.0630122950819672,0.049911966606658885,0.454905278043815,0.4905114908238042,-0.03910644119372568,0.013100328475308322
male_more_variable_raw,14,log_hourly_wage_real,3322,4448,0.5463664243440249,0.6186409297303577,1.1065516471862793,2.2291672229766846,0.07119611761347416,0.22530384397964953,0.030537090656987887,0.14155831920105522,0.45363357565597506,0.38135907026964233,-0.15410772636617537,-0.11102122854406733
male_more_variable_raw,15,log_hourly_wage_real,2145,30142,0.5498019473625264,0.5728985299166716,1.1844801902770996,1.5342144966125488,0.08832719664174592,0.15918864288747037,0.04202516650663185,0.0898306376400315,0.4501980526374736,0.42710147008332844,-0.07086144624572445,-0.047805471133399655
male_more_variable_raw,16,log_hourly_wage_real,3640,21447,0.561614841104127,0.6488685269148067,1.0396068096160889,1.4761412143707275,0.0936878677813312,0.2047567941339595,0.04483064298919766,0.13705675163685868,0.43838515889587304,0.3511314730851933,-0.1110689263526283,-0.09222610864766102
male_more_variable_raw,17,log_hourly_wage_real,2440,2275,0.5637654373039439,0.6300248769374135,1.3902788162231445,1.5339303016662598,0.08114443474976885,0.15131781938647915,0.03598171613121671,0.08597086669156694,0.4362345626960561,0.3699751230625865,-0.0701733846367103,-0.04998915056035023
male_more_variable_raw,18,log_hourly_wage_real,3140,1517,0.5675046568129641,0.48239000389646025,1.0780856609344482,1.272965431213379,0.09251525859299711,0.1688939144736842,0.04129026192285694,0.10737047697368421,0.43249534318703586,0.5176099961035397,-0.0763786558806871,-0.06608021505082727
male_more_variable_raw,19,log_hourly_wage_real,6740,708,0.5746714577296926,0.30591573383628107,0.9688549041748047,1.2099344730377197,0.02388888888888889,0.10222654298483683,0.0,0.05868135725955631,0.42532854227030736,0.694084266163719,-0.07833765409594794,-0.05868135725955631
male_more_variable_raw,20,log_hourly_wage_real,5710,9558,0.578200406725322,0.7018839223370356,1.1466739177703857,1.5649051666259766,0.0954747306155629,0.17292147806004618,0.045625637788193785,0.11959098091649446,0.421799593274678,0.29811607766296444,-0.07744674744448328,-0.07396534312830068
male_more_variable_raw,21,log_hourly_wage_real,2770,835,0.5860047037166527,0.626035414734797,1.9760124683380127,2.2983899116516113,0.060816506764080125,0.13950752666733127,0.025611175785797437,0.07614395374339547,0.4139952962833473,0.37396458526520304,-0.07869101990325114,-0.05053277795759803
male_more_variable_raw,22,log_hourly_wage_real,2430,5675,0.5919042749919113,0.6441572045207729,1.3217558860778809,1.3414452075958252,0.08927846914519785,0.15164857669465492,0.04498536399749686,0.07255785377841491,0.40809572500808866,0.35584279547922715,-0.06237010754945707,-0.027572489780918044
male_more_variable_raw,23,log_hourly_wage_real,6710,1609,0.591959755823594,0.8947939979976247,1.0122092962265015,1.4606373310089111,0.046194014862422174,0.10152573348588942,0.046194014862422174,0.050291737638038236,0.40804024417640605,0.10520600200237529,-0.055331718623467245,-0.0040977227756160625
male_more_variable_raw,24,log_hourly_wage_real,960,3835,0.6031849022625052,0.6167649952621934,1.5109977722167969,2.1738383769989014,0.04422843812181232,0.1647086638995429,0.01671888937172655,0.08888246729364788,0.3968150977374948,0.3832350047378066,-0.12048022577773057,-0.07216357792192132
male_more_variable_raw,25,log_hourly_wage_real,4340,1777,0.6046323014063019,0.665448192697494,1.5132336616516113,1.858698844909668,0.08204614546540848,0.12593263044595024,0.04520533502029627,0.06166980601286724,0.39536769859369814,0.334551807302506,-0.04388648498054176,-0.016464470992570972
